i,d
c,a,n,d,i,d,a,t,e,_,i,d
f,i,r,s,t,_,n,a,m,e
l,a,s,t,_,n,a,m,e
e,m,a,i,l
d,4,a,f,f,8,2,4,-,a,a,f,b,-,4,b,9,6,-,a,8,e,3,-,9,9,c,9,7,3,1,f,1,5,f,7
8,0,1,9,1,8,0
K,r,i,s,h,n,a, ,M,u,d,u,l,i
B,a,i,s,n,a,b, ,P,r,a,m,i,l,a
k,r,i,s,h,n,a,m,u,d,u,l,i,b,@,v,i,r,t,u,s,a,1,2,3,.,c,o,m
5,7,8,a,c,a,1,b,-,d,f,8,2,-,4,8,8,f,-,b,7,9,d,-,e,b,e,f,a,8,e,0,e,0,3,1
8,0,5,6,7,0,5
H,a,s,h,a,n
W,e,e,r,a,t,u,n,g,a
h,w,e,e,r,a,t,u,n,g,a,@,v,i,r,t,u,s,a,1,2,3,.,c,o,m
8,1,5,9,4,a,9,0,-,c,6,3,5,-,4,b,f,5,-,a,a,7,0,-,f,0,8,6,4,b,4,8,8,9,7,a
8,0,1,7,6,5,2
T,h,o,m,a,s, ,K,i,r,a,n, ,J,o,h,n
C,h,a,k,k,a,l,a,k,k,a,l
t,h,o,m,a,s,k,j,@,v,i,r,t,u,s,a,1,2,3,.,c,o,m
e,2,5,a,a,7,b,5,-,d,0,e,f,-,4,7,c,5,-,a,7,0,d,-,c,1,7,d,3,1,7,4,2,6,d,8
8,0,5,2,3,3,9
M,a,n,j,u,l,a
G,i,r,i
m,a,n,j,u,l,a,g,i,r,i,@,v,i,r,t,u,s,a,1,2,3,.,c,o,m
8,f,5,4,9,6,1,b,-,a,4,8,e,-,4,e,5,8,-,8,7,6,e,-,d,2,f,1,1,d,3,6,4,e,d,f
8,0,3,2,4,7,1
P,a,r,a,g
P,a,t,a,n,k,a,r
p,a,r,a,g,p,@,v,i,r,t,u,s,a,1,2,3,.,c,o,m
5,b,c,f,4,3,d,f,-,c,1,2,5,-,4,8,b,6,-,b,b,d,9,-,2,b,9,6,6,e,2,e,1,8,0,8
8,0,3,3,3,6,8
A,b,d,u,l, ,R,a,h,u,m,a,n
A,d,a,m, ,S,a,b,i,b,u,l,l,a,h
a,b,d,u,l,r,a,h,u,m,a,n,s,@,v,i,r,t,u,s,a,1,2,3,.,c,o,m
8,8,6,b,f,c,2,b,-,4,9,9,c,-,4,2,1,f,-,a,f,7,6,-,4,5,3,6,e,4,0,b,e,8,2,5
8,0,2,5,3,4,5
V,e,n,k,a,t
P,o,k,k,u,n,u,r,i
v,p,o,k,k,u,n,u,r,i,@,v,i,r,t,u,s,a,.,c,o,m
e,8,2,7,c,0,4,5,-,1,e,3,6,-,4,8,2,4,-,a,4,9,2,-,1,0,0,e,c,1,f,7,e,5,0,2
8,0,6,6,5,5,2
S,a,t,h,i,s,h,k,u,m,a,r
M,a,n,i
s,a,t,h,i,s,h,k,u,m,a,r,m,a,n,i,@,v,i,r,t,u,s,a,1,2,3,.,c,o,m
5,0,3,7,f,4,c,9,-,e,b,c,1,-,4,0,a,2,-,b,6,4,f,-,5,4,2,c,3,4,0,0,5,6,3,6
8,0,2,5,9,2,8
B,a,l,a,k,r,i,s,h,n,a,n
S,., ,V,.
b,s,w,a,m,i,n,a,t,h,a,n,@,v,i,r,t,u,s,a,1,2,3,.,c,o,m
6,5,c,2,9,5,9,4,-,3,b,3,c,-,4,5,d,4,-,8,b,2,4,-,d,9,a,f,d,b,b,9,3,2,5,6
8,0,2,5,8,0,1
A,r,u,n
N, ,K
k,r,i,s,h,n,a,s,w,a,m,y,a,@,v,i,r,t,u,s,a,1,2,3,.,c,o,m
7,e,0,6,7,7,7,6,-,c,3,2,5,-,4,c,0,7,-,8,9,1,7,-,1,d,b,b,5,4,3,9,1,a,b,4
8,1,2,8,5,9,0
V,i,n,o,d, ,C,h,r,i,s,t,o,p,h,e,r
S, ,R
v,i,n,o,d,c,h,r,i,s,t,o,p,h,e,r,@,v,i,r,t,u,s,a,1,2,3,.,c,o,m
